<?xml version="1.0" encoding="UTF-8"?>
<spirit:abstractionDefinition xmlns:xilinx="http://www.xilinx.com" xmlns:spirit="http://www.spiritconsortium.org/XMLSchema/SPIRIT/1685-2009" xmlns:xsi="http://www.w3.org/2001/XMLSchema-instance">
  <spirit:vendor>opencores.org</spirit:vendor>
  <spirit:library>user</spirit:library>
  <spirit:name>wishbone_rtl</spirit:name>
  <spirit:version>1.0</spirit:version>
  <spirit:busType spirit:vendor="opencores.org" spirit:library="user" spirit:name="wishbone" spirit:version="1.0"/>
  <spirit:ports>
    <spirit:port>
      <spirit:logicalName>adr</spirit:logicalName>
      <spirit:description>Adress</spirit:description>
      <spirit:wire>
        <spirit:qualifier>
          <spirit:isAddress>true</spirit:isAddress>
        </spirit:qualifier>
        <spirit:onMaster>
          <spirit:presence>required</spirit:presence>
        </spirit:onMaster>
        <spirit:onSlave>
          <spirit:presence>required</spirit:presence>
          <spirit:direction>in</spirit:direction>
        </spirit:onSlave>
        <spirit:defaultValue>0</spirit:defaultValue>
      </spirit:wire>
    </spirit:port>
    <spirit:port>
      <spirit:logicalName>dat_w</spirit:logicalName>
      <spirit:description>Write data</spirit:description>
      <spirit:wire>
        <spirit:qualifier>
          <spirit:isData>true</spirit:isData>
        </spirit:qualifier>
        <spirit:onMaster>
          <spirit:presence>required</spirit:presence>
        </spirit:onMaster>
        <spirit:onSlave>
          <spirit:presence>required</spirit:presence>
          <spirit:direction>in</spirit:direction>
        </spirit:onSlave>
        <spirit:defaultValue>0</spirit:defaultValue>
      </spirit:wire>
    </spirit:port>
    <spirit:port>
      <spirit:logicalName>dat_r</spirit:logicalName>
      <spirit:description>Read data</spirit:description>
      <spirit:wire>
        <spirit:qualifier>
          <spirit:isData>true</spirit:isData>
        </spirit:qualifier>
        <spirit:onMaster>
          <spirit:presence>required</spirit:presence>
          <spirit:direction>in</spirit:direction>
        </spirit:onMaster>
        <spirit:onSlave>
          <spirit:presence>required</spirit:presence>
        </spirit:onSlave>
        <spirit:defaultValue>0</spirit:defaultValue>
      </spirit:wire>
    </spirit:port>
    <spirit:port>
      <spirit:logicalName>cyc</spirit:logicalName>
      <spirit:description>Cycle valid</spirit:description>
      <spirit:wire>
        <spirit:onMaster>
          <spirit:presence>required</spirit:presence>
          <spirit:width>1</spirit:width>
        </spirit:onMaster>
        <spirit:onSlave>
          <spirit:presence>required</spirit:presence>
          <spirit:width>1</spirit:width>
          <spirit:direction>in</spirit:direction>
        </spirit:onSlave>
        <spirit:defaultValue>0</spirit:defaultValue>
      </spirit:wire>
    </spirit:port>
    <spirit:port>
      <spirit:logicalName>stall</spirit:logicalName>
      <spirit:description>Stall pipeline</spirit:description>
      <spirit:wire>
        <spirit:onMaster>
          <spirit:presence>required</spirit:presence>
          <spirit:width>1</spirit:width>
          <spirit:direction>in</spirit:direction>
        </spirit:onMaster>
        <spirit:onSlave>
          <spirit:presence>required</spirit:presence>
          <spirit:width>1</spirit:width>
        </spirit:onSlave>
        <spirit:defaultValue>0</spirit:defaultValue>
      </spirit:wire>
    </spirit:port>
    <spirit:port>
      <spirit:logicalName>err</spirit:logicalName>
      <spirit:description>Strobe error</spirit:description>
      <spirit:wire>
        <spirit:onMaster>
          <spirit:presence>required</spirit:presence>
          <spirit:width>1</spirit:width>
          <spirit:direction>in</spirit:direction>
        </spirit:onMaster>
        <spirit:onSlave>
          <spirit:presence>required</spirit:presence>
          <spirit:width>1</spirit:width>
        </spirit:onSlave>
        <spirit:defaultValue>0</spirit:defaultValue>
      </spirit:wire>
    </spirit:port>
    <spirit:port>
      <spirit:logicalName>lock</spirit:logicalName>
      <spirit:description/>
      <spirit:wire>
        <spirit:onMaster>
          <spirit:presence>optional</spirit:presence>
          <spirit:width>1</spirit:width>
        </spirit:onMaster>
        <spirit:onSlave>
          <spirit:presence>optional</spirit:presence>
          <spirit:width>1</spirit:width>
          <spirit:direction>in</spirit:direction>
        </spirit:onSlave>
        <spirit:defaultValue>0</spirit:defaultValue>
      </spirit:wire>
    </spirit:port>
    <spirit:port>
      <spirit:logicalName>rty</spirit:logicalName>
      <spirit:description>Strobe retry</spirit:description>
      <spirit:wire>
        <spirit:onMaster>
          <spirit:presence>optional</spirit:presence>
          <spirit:width>1</spirit:width>
          <spirit:direction>in</spirit:direction>
        </spirit:onMaster>
        <spirit:onSlave>
          <spirit:presence>optional</spirit:presence>
        </spirit:onSlave>
        <spirit:defaultValue>0</spirit:defaultValue>
      </spirit:wire>
    </spirit:port>
    <spirit:port>
      <spirit:logicalName>sel</spirit:logicalName>
      <spirit:description>Write data select</spirit:description>
      <spirit:wire>
        <spirit:onMaster>
          <spirit:presence>required</spirit:presence>
        </spirit:onMaster>
        <spirit:onSlave>
          <spirit:presence>required</spirit:presence>
          <spirit:direction>in</spirit:direction>
        </spirit:onSlave>
        <spirit:defaultValue>0</spirit:defaultValue>
      </spirit:wire>
    </spirit:port>
    <spirit:port>
      <spirit:logicalName>stb</spirit:logicalName>
      <spirit:description>Cycle strobe</spirit:description>
      <spirit:wire>
        <spirit:onMaster>
          <spirit:presence>required</spirit:presence>
          <spirit:width>1</spirit:width>
        </spirit:onMaster>
        <spirit:onSlave>
          <spirit:presence>required</spirit:presence>
          <spirit:width>1</spirit:width>
          <spirit:direction>in</spirit:direction>
        </spirit:onSlave>
        <spirit:defaultValue>0</spirit:defaultValue>
      </spirit:wire>
    </spirit:port>
    <spirit:port>
      <spirit:logicalName>tga</spirit:logicalName>
      <spirit:description/>
      <spirit:wire>
        <spirit:onSlave>
          <spirit:direction>in</spirit:direction>
        </spirit:onSlave>
        <spirit:defaultValue>0</spirit:defaultValue>
      </spirit:wire>
    </spirit:port>
    <spirit:port>
      <spirit:logicalName>tgc</spirit:logicalName>
      <spirit:description/>
      <spirit:wire>
        <spirit:onSlave>
          <spirit:direction>in</spirit:direction>
        </spirit:onSlave>
        <spirit:defaultValue>0</spirit:defaultValue>
      </spirit:wire>
    </spirit:port>
    <spirit:port>
      <spirit:logicalName>we</spirit:logicalName>
      <spirit:description>Write enable</spirit:description>
      <spirit:wire>
        <spirit:onMaster>
          <spirit:presence>required</spirit:presence>
          <spirit:width>1</spirit:width>
        </spirit:onMaster>
        <spirit:onSlave>
          <spirit:presence>required</spirit:presence>
          <spirit:width>1</spirit:width>
          <spirit:direction>in</spirit:direction>
        </spirit:onSlave>
        <spirit:defaultValue>0</spirit:defaultValue>
      </spirit:wire>
    </spirit:port>
    <spirit:port>
      <spirit:logicalName>ack</spirit:logicalName>
      <spirit:description>Strobe ACK</spirit:description>
      <spirit:wire>
        <spirit:onMaster>
          <spirit:presence>required</spirit:presence>
          <spirit:width>1</spirit:width>
          <spirit:direction>in</spirit:direction>
        </spirit:onMaster>
        <spirit:onSlave>
          <spirit:presence>required</spirit:presence>
          <spirit:width>1</spirit:width>
        </spirit:onSlave>
        <spirit:defaultValue>0</spirit:defaultValue>
      </spirit:wire>
    </spirit:port>
  </spirit:ports>
  <spirit:vendorExtensions>
    <xilinx:abstractionDefinitionInfo>
      <xilinx:displayName>Wishbone B4</xilinx:displayName>
    </xilinx:abstractionDefinitionInfo>
  </spirit:vendorExtensions>
</spirit:abstractionDefinition>
